X,Y,Z,W,V
0.4967141530112327,0.0,0.0,0.9261775475316414,0.0
-0.13826430117118466,1.0970490407019873,0.4623168414563844,1.9094166404701305,0.49290395872590775
0.6476885381006925,-0.4340798297897347,1.0073410812279873,-1.3985675738191412,1.4750728019654091
1.5230298564080254,0.9657474404944202,0.05713800296714394,0.5629692366905709,0.530631327609688
-0.23415337472333597,0.9508062793461365,1.2381454971138148,-0.6506425691218269,0.42028102276848606
-0.23413695694918055,0.850307736533964,0.2258898585628979,-0.48712538376469605,1.4093624650013816
1.5792128155073915,-0.08835417382802055,0.1844756401131542,-0.5923939242388692,-0.3273827079154803
0.7674347291529088,1.103196598308753,0.1590704689041459,-0.863990769679816,0.09435372997752317
-0.4694743859349521,0.3270977813530375,0.6497406628547604,0.04852162794482699,0.7504891226989259
0.5425600435859647,0.488192076302394,0.41442050364883853,-0.8309501164110378,0.49808101705484586
-0.46341769281246226,0.4940636982279024,0.5996742321466446,0.2704568257798388,-0.6367769882505347
-0.46572975357025687,-0.49942242296164235,-0.5378538180020533,-0.05023810944913695,0.7546119366952102
0.24196227156603412,-0.048985833004835,-0.5412466849266724,-0.23894804686640975,0.38537665431901064
-1.913280244657798,-0.41931301424834333,-0.7615789399078111,-0.9075636620415979,-0.38612079360188956
-1.7249178325130328,-1.007075044420161,0.5903760371799284,-0.5767713305683327,-1.2163292203907368
-0.5622875292409727,-0.8405938492947785,-0.6234992614024502,0.755391225825756,0.03856391077137365
-1.0128311203344238,-0.008000054649441979,-0.17819487037015724,0.5009171876243808,-0.8469499485609617
0.3142473325952739,-0.07199472140459118,0.6852456442840605,-0.977555244798551,-0.1870591662016844
-0.9080240755212109,0.44929963279492363,0.20381826029861472,0.09933230542922587,0.12123121151152039
-1.4123037013352915,-1.001571837339679,-0.0662319042920716,0.751387123371789,0.17956189942792058
1.465648768921554,-0.5434784514385509,-0.32914302510659116,-1.6694052811213718,0.1440240626383914
-0.22577630048653566,1.5583683704614157,-1.7503583811781682,0.543360192379935,-0.4907199079492479
0.06752820468792384,-1.0504779297782783,0.7538005515752833,-0.6626237589458467,-1.5134057179478222
-1.4247481862134568,-0.5933181741101138,-0.04987336417770727,0.5705986685931593,-0.037502094026170746
-0.5443827245251827,-0.9665466081054075,-0.3794511939056603,-0.7632591565425169,0.48890839298374533
0.11092258970986608,-0.39709523409001846,-1.2214240769575293,-1.804882100664519,-0.1491120042816506
-1.1509935774223028,-0.15814021981276338,-1.0165480897838866,-1.6275424378831627,-1.9714954846854864
0.37569801834567196,-0.1704149666206869,0.3302267391690884,0.048084946661381994,-1.6996809489942313
-0.600638689918805,0.1259295625173232,-0.26306650558110345,0.25972250172148187,1.2935751825294732
-0.2916937497932768,-0.28954322581926734,0.2905785611059287,-0.9043166251044086,0.46085642396988963
-0.6017066122293969,-0.11396042032136468,-0.303247008401912,0.6385924587773739,-0.34692824432054337
1.8522781845089378,-0.5171659194905496,-0.0869873704477396,-1.6615200622689599,0.47083809532583853
-0.013497224737933921,1.5077954905108,0.0560204869134599,-0.06607979864731657,-0.9320094805021888
-1.0577109289559004,0.02851981536769816,-0.0944230479595739,-1.2110161997624567,0.46433827886700435
0.822544912103189,-0.672924505215724,0.516116944150445,-0.6518361078021592,-2.1197319225497746
-1.2208436499710222,1.702223282072915,-0.47354951720702126,0.047398671316414016,0.5894552153729902
0.2088635950047554,-1.4966278835395834,1.3277209217750339,-0.8604133652839524,-0.8344931079735359
-1.9596701238797756,-0.14479360434409821,0.059038946809643056,-0.38455554422982535,0.4038567622188741
-1.3281860488984305,-1.459019662513959,0.3481577027379182,1.0062928092144405,0.09689043463813979
0.19686123586912352,-0.9873393865469563,-0.6929312962752627,-0.5768918695231487,1.9485645891429004
0.7384665799954104,0.1286795901785061,-0.49185410857069006,0.8356921120651418,-0.2481706441504522
0.1713682811899705,1.1435362304753203,0.6707229068872937,-1.129706854657618,0.3929132910476802
-0.11564828238824053,-0.43440783141326533,1.5028375044357403,0.5298041779152828,-0.6685200890170475
-0.3011036955892888,0.05879910670892419,-0.6377826238576382,1.4415686206579004,1.2848191687661634
-1.4785219903674274,-0.07650175131969084,0.19595807175049104,-2.4716445001272893,0.48529685074624584
-0.7198442083947086,-0.3759619577646184,0.18086609996517541,-0.7968952554704768,-1.2207299174836252
-0.4606387709597875,-0.09383178257158825,0.36915806980354926,0.57707212718054,-0.8856452653281118
1.0571222262189157,-0.06981098184290102,0.2942873016124962,-0.2030453860429927,0.39816496077275854
0.3436182895684614,1.5335511876309424,-0.11691438262200397,0.37114587337130883,0.16726664484302212
-1.763040155362734,0.18835871951283434,0.9279202363692991,-0.6039851867158206,-0.4444046745973493
0.324083969394795,-2.130457565587334,0.9102677633201867,0.08658978747289992,-0.07592910205856485
-0.38508228041631654,-0.23642899921231758,-2.354969596154258,-0.15567723539207948,0.3610014542158294
-0.6769220003059587,-0.9696107210368023,0.679150180540794,1.1677820616598074,-1.221408790332703
0.6116762888408679,-0.8856127728336289,0.544451470050073,0.2544208433012131,1.5501789007042566
1.030999522495951,0.3269253393183831,-1.781070521136964,0.3376026620752022,1.6537977369810286
0.9312801191161986,0.1300133846149628,-0.6265441698874161,-0.4118769661224674,-0.5666628177534535
-0.8392175232226385,1.9649002984625952,0.7701444400242368,-0.48760622407249354,-0.36256484195624517
-0.3092123758512146,-0.3739968477454679,1.605647958467711,-0.4325581878196209,0.6747622908741014
0.33126343140356396,-0.10677418869628377,-0.17229755667134267,0.39445214237829684,0.8763779130678259
0.9755451271223592,-0.11197154931048697,-0.2044020516511573,-0.42098448082026296,-0.7698606255784841
-0.47917423784528995,0.7312662883005124,-0.561478483161751,0.2897748568964129,-0.9053683351738271
-0.18565897666381712,-0.2933923146994928,1.134760916152607,2.075400798645439,0.2110107932361373
-1.1063349740060282,-0.9337774831426422,-0.6708494571048644,0.8711247034316923,2.302418634623652
-1.1962066240806708,-1.3763116759739775,-0.6725830648840976,-0.32602353216784113,0.24099378125471704
0.812525822394198,-1.4411375266963544,-0.7730992525114065,1.2012139221639448,-1.300832658961891
1.356240028570823,0.3493368359397516,-0.7047915489465442,-0.4080753730215514,-0.7370593824418468
-0.07201012158033385,1.3052293918368578,0.19978320210051037,-2.038124535177854,-0.4211467935647827
1.0035328978920242,0.05434896976806364,1.4652078500890369,-1.008086310917404,-0.816601774794616
0.36163602504763415,0.588123547750993,0.09375813337698007,-1.8707919210258557,0.7932513541218176
-0.6451197546051243,0.31373885520095945,0.37316997425253695,-0.35151348404130867,-1.2207611110524195
0.36139560550841393,-0.8475462624595735,-0.5130593227792711,0.0184183791895517,0.9602506115495912
1.5380365664659692,-0.3328151332889114,-0.8549803563736977,1.6764373122752827,-0.7091359691353126
-0.03582603910995154,1.677891441644996,-0.34716391911936073,0.32692737376416264,0.8636034430129199
1.5646436558140062,-0.36540614340989547,1.1462319460988986,-0.21910052880886424,-0.4972245831313499
-2.6197451040897444,2.3242894885378993,-0.8130428955606936,0.8294055811834892,0.8477224529783105
0.8219025043752238,-1.7789076428057464,1.6014732418484887,-2.211135309007885,-0.24707106573959503
0.08704706823817122,0.592611653633466,-1.0454388496938931,0.23561455810856594,-0.05803738602424495
-0.29900735046586746,0.5515772129879918,1.4608284929757551,0.7708651938869668,-0.8927458082353589
0.0917607765355023,-0.9241073701622329,0.2868053036171676,-1.4785862457798415,2.697867210853671
-1.9875689146008928,-0.32842866275646354,0.265093980624694,1.143754043206929,0.30032099668031687
-0.21967188783751193,-1.8668492525347116,0.08743434193875957,0.3384964074944141,1.5716411196050193
0.3571125715117464,-0.36530138076375307,-1.2218997315720077,-0.4152879139008013,-0.06038821386998311
1.477894044741516,-0.22168830813703627,-0.5438196009912554,0.6327818661062848,-1.6749439024319344
-0.5182702182736474,1.199356969922826,-0.5179996004115427,2.270692857804396,0.052610168254637546
-0.8084936028931876,-1.1925639977207316,0.8850542980609241,0.18186625505849516,1.1895111894185804
-0.5017570435845365,-1.643662703600278,-0.5285101137086529,0.24822058630033608,1.3243056324085405
0.9154021177020741,-1.0062261442132319,-0.14991142874131502,-0.4593608995402441,-0.03633728176286638
0.32875110965968446,0.37981576628245495,-0.6316202253567921,-0.8498443694647918,-0.05545499362818135
-0.5297602037670388,0.30100358343395334,0.49726745599265754,0.8303358165442456,-1.3273931390218334
0.5132674331133561,-0.33912775099559206,-0.5262550983921181,-0.8560838259088672,0.7076420967926328
0.09707754934804039,-0.041339874241709984,-0.5712416218922385,0.07156623721939247,-0.17837389422369754
0.9686449905328892,0.6233170997755668,0.2797651359085625,-0.4776574467651167,-0.9102423990511601
-0.7020530938773524,0.6167117675789104,0.9805391098549318,0.47897982574639186,0.027865328573387776
-0.3276621465977682,0.5980222948889652,0.5666859802445322,0.3336621052869483,1.021891848016664
-0.39210815313215763,-0.4166879493794653,0.42558382932452027,1.0375399442578992,0.48727632062437465
-1.4635149481321186,0.04036781583856908,0.22833838876961288,-0.510016398854747,0.4236839224021391
0.29612027706457605,-1.8364284352845839,-0.8938819970485068,-0.26987493529337125,0.1588243361676273
0.26105527217988933,-0.31478708143527595,-2.1783023576469915,-0.9787637157823074,-0.5663655633151584
0.00511345664246089,1.4553439764603069,-0.19190770463111223,-0.4442932600761116,-1.5949481210182266
-0.23458713337514692,0.045005444587751214,0.8237615592806128,0.3773004930448522,0.10305621821404992
-1.4153707420504142,-0.3328069787944432,0.1606994237886022,0.7569886166453519,0.9261322411168619
-0.42064532276535904,-1.466341820461856,0.2963369874915955,-0.9221653241776254,0.40350402662699314
-0.3427145165267695,-0.7143888379587096,-0.6115501704919117,0.8696059201056602,-0.7028807617402145
-0.8022772692216189,-0.26008103453685144,-0.4331928010973275,1.355637858804951,0.549665623624281
-0.16128571166600914,-0.40447269893731885,-0.16856210009468284,0.41343490322370086,0.7834671182344898
0.4040508568145384,0.5660752051758493,0.03622153381353982,1.876795812558066,0.09390029146726275
1.8861859012105302,-0.332677430723449,-0.1929117084321767,-0.773789199103573,0.811140627771177
0.17457781283183896,1.2041926198887827,-0.2930921099267924,-1.244654703311417,-0.49360783300575656
0.25755039072276437,0.40450862744383653,0.6872661829037239,-1.7787202489042786,-0.5842410066913623
-0.07444591576616721,0.23827751998327162,-0.7450281067106337,1.496044311489183,-0.8779414933289098
-1.9187712152990415,-0.1316005104737415,-0.4618808594305908,0.6543656563540577,0.5264668460452502
-0.026513875449216878,-0.7696415560673846,0.5304206195644134,-0.05558467091045507,-0.1028552088894887
0.06023020994102644,0.7241519680656026,-0.3874512050393749,0.2799686263198203,0.17495911268084222
2.463242112485286,-0.2585171638176487,0.28325633759529734,-1.1254890472983765,-0.32531993963826666
-0.19236096478112252,2.055801801175973,-0.07482330776565693,2.4457519796168263,-0.3629420772557729
0.30154734233361247,0.06458031304827691,1.8288042180987543,0.1292211819752275,1.6452767420931154
-0.03471176970524331,-0.5012111103580618,-1.2382123796220112,0.10939479460489289,1.8119334992763785
-1.168678037619532,-0.7112087649719052,-0.41310936716117885,0.725766623898692,-1.3971077814626411
1.1428228145150205,-1.8359326488856356,-0.1559938948807491,0.4810092317367132,0.4532843350878442
0.7519330326867741,0.6260030512486567,-2.3970807354038364,0.22388402427913137,-0.14181333467440912
0.7910319470430469,0.7974484288506926,-0.3638539536378704,-0.7904744554453119,-1.4743345427535417
-0.9093874547947389,0.6251706330479398,0.7681148071109597,0.4714683571359957,-0.5901448110620886
1.4027943109360992,-1.2140444342765688,0.9733881306610095,1.8820244964750337,0.6941497570321846
-1.4018510627922809,1.1085831789939136,-1.1950606401025392,1.3454200461549777,1.4007428141044684
0.5868570938002703,-1.5638822072472751,0.5786768774346367,1.593186626639397,0.6920218150768832
2.1904556258099785,-0.2164648964254619,-1.7451100232867356,-0.5112156764311852,1.9372522912707484
-0.9905363251306883,1.6477026620720499,-0.4644153071852354,-0.9896048202585809,-0.9572325108182693
-0.5662977296027719,-1.0952368299729827,1.9016264540166978,-0.12578692009964815,-0.48093018948932065
0.09965136508764122,-0.6969938877550689,0.4215120086489622,0.055724912288694604,0.965387596260195
-0.5034756541161992,0.45076877807476645,-0.2685500424497953,1.0941915184709485,0.9737915068980199
-1.5506634310661327,0.37797507507046696,0.2864633413777432,-1.6924646297148194,-0.017598205652474164
0.06856297480602733,-1.0105446733833479,-0.11207263983377289,1.5295503194606137,0.36098564787032206
-1.0623037137261049,0.12311804538619059,-0.788987579686063,-0.15800789857898942,0.7786644647791201
0.4735924306351816,-1.5234061157457321,-0.4119361920236114,-0.42688106994742003,-0.03108830109752614
-0.9194242342338032,0.050426805022447396,-1.4374991607884091,-1.0121043752601675,-0.23346949312659493
1.5499344050175394,-0.14268731005554414,0.3897327383460018,-1.6548566718657693,-1.014277757279062
-0.7832532923362371,0.8615499797293013,-0.7965177194042483,0.8231705839619146,0.19605140688706002
-0.3220615162056756,-0.7879425532900576,0.391513479610057,0.07331796718840389,0.5181199593225124
0.8135172173696698,0.020465791735789496,-0.24482164593323072,-1.2899608997410539,1.3932195917717838
-1.2308643164339552,0.3290546587056643,0.4761995390820923,-1.295078772063616,-0.7878490395752462
0.22745993460412942,-0.8503953137155358,0.9616670084296643,-0.3357846992901282,-0.06028183052953162
1.307142754282428,0.45111598720812,0.02601648042557969,1.669021525289393,0.32279819148425815
-1.6074832345612275,0.6261093697564394,-0.2517350046856448,-0.2595913513636048,-0.13045599574539868
0.1846338585323042,-0.2578830226788211,-0.17593856100697797,-1.5031429531181062,-0.4166369907546398
0.25988279424842353,0.009300436881383045,-0.0010264647027423135,-0.24574306408594432,-0.4668598629942893
0.7818228717773104,0.6381429795786115,-0.2859584571556394,-0.2727235697476705,-0.20715091422809753
-1.236950710878082,0.7667482726659982,0.2585402246553934,-2.6968866429415717,0.4671400831272135
-1.3204566130842763,-0.7440730928833399,0.8274878566245076,-0.05429486651781221,-0.836024529878304
0.5219415656168976,-0.4696283617247585,-0.35593307637815047,-0.23093453020867796,-0.09632190759967407
0.29698467323318606,0.617397228369839,-0.6074554639307697,0.6962063648134184,-0.6289287594439228
0.25049285034587654,0.5307697479640955,0.9895798727387213,1.8489560949453452,-0.06647985397679872
0.3464482094969757,0.35481078657618315,1.1695693210960763,1.1265650295477574,1.7375605481340617
-0.6800247215784908,1.578000124687778,0.495641294761482,-0.26888869055483056,0.5015996599632232
0.23225369716100355,-0.16734896671052646,1.1373792672540555,-1.1065259087416703,0.8573809380969949
0.29307247329868125,0.522393633363782,-0.16963737201820278,2.5733598032498604,-0.3692465854376793
-0.7143514180263678,0.12994634999593238,-0.11182404708638088,0.05921843401448826,0.8776720163098268
1.8657745111447566,-0.27719193221078947,0.9129200621732625,0.013929291912946203,0.14866814895826808
0.4738329209117875,0.8946780778982131,0.05598617478359669,-0.024125087110003277,1.2443244328005822
-1.1913034972026486,0.07417488456973892,0.469798263402469,0.19808476076785494,0.03447187615811459
0.6565536086338297,-1.345491954303239,0.3686451476637729,-0.14436041192394247,0.36742709046176497
-0.9746816702273214,0.7350091088605777,-1.2510412614829933,-0.5736620068802363,-0.032857752759035436
0.787084603742452,-0.4185546572679715,0.2545888892704631,-0.5468589412403921,-0.29907796086151084
1.158595579007404,0.4298495901866605,-0.13879043148483994,-0.03275327021599839,0.37107816780567304
-0.8206823183517105,0.21769359673940747,-0.6224946518783916,-0.543424771133765,-0.8763580944324345
0.9633761292443218,-0.02525380296777735,-0.1453129149025789,-0.7128457826771644,0.5716410009523696
0.4127809269364983,0.4885771040667632,0.07712336981785207,0.10643022769189683,0.3129130445135504
0.82206015999449,1.3332711856287602,1.323898050758257,-0.2549772174208553,0.711384588015016
1.8967929826539474,1.1696793909013232,1.0962261859778477,1.5039929885826886,1.188420564903671
-0.2453881160028705,1.2418415279588912,0.2927081928296403,-2.650969808393012,1.5176675957703616
-0.7537361643574896,-0.2814028040647606,0.5184908921116972,1.0915068519224618,-0.7723954454874002
-0.8895144296255233,-0.1253363272007364,-0.12463823929293269,1.246085192497629,1.6474620909670499
-0.8158102849654383,-1.2824561007671713,-0.1720315259603009,-2.0733902324081495,0.17738466844235917
-0.0771017094141042,-1.5859165365088805,-0.8108140033816523,-0.34268759408034877,-1.217990938567927
0.3411519748166439,0.6950435040897821,-0.6361440796279395,-0.37144086599579146,-1.2510070115719336
0.27669079933001905,1.1999678630204094,1.0275429502165456,-1.4075116947178212,-0.33997243700314544
0.8271832490360238,0.1081105900390993,0.24026109945050572,-0.7778166875908753,-0.17057917024285518
0.01300189187790702,1.2061209090809122,1.0071595069907642,-1.1105758454658288,0.5508961899560109
1.4535340771573169,-0.23402319739081143,0.1638638288040417,1.7522704434236227,0.22016685561622248
-0.2646568332379561,0.27860757894442767,0.02116993865790387,0.9356783931474612,0.9170386087253062
2.720169166589619,-0.444743717524486,-0.6301869862667411,1.2715550949941588,0.7394582069191216
0.6256673477650062,1.9097849134407394,-0.8518046483698356,0.7216720640432351,-1.241484449530464
-0.8571575564162826,0.4867764256866869,2.0319967463993156,-1.1290517712172292,0.5952023854366677
-1.0708924980611123,-0.9142741734261619,-0.00904017476887814,-0.5245202662797737,1.092258964908418
0.4824724152431853,-1.3559067180430355,-0.39766855414596414,0.48937456122791806,0.11445188371424364
-0.2234627853258509,0.999444544136702,-0.8636210690657977,-1.2221278088919454,-0.13551758237669878
0.714000494092092,-0.6177615216389613,0.18622654946209122,0.7129984301723881,-1.3288380987427943
0.47323762457354485,0.7548831486817627,0.086135400133248,-0.24032539815813503,0.08526832436948545
-0.07282891265687277,1.1249343841385968,0.3173680886877732,-0.3748208075495975,-0.070551566160012
-0.846793718068405,-0.4318689696994099,-0.5371594996533128,0.7109599682034915,0.47676995648716736
-1.5148472246858646,-0.3090130259085073,-0.39978516037875267,0.44426331148603976,0.012963692956862775
-0.4465149520670211,-0.9539081708966419,-0.9666807439883758,-0.3609661658190799,-0.3222442951952543
0.8563987943234723,0.039920378157296654,-1.19948961412261,1.159329803364248,-0.7103806376180883
0.21409374413020396,0.006828133147075421,0.2571672181111412,-1.0810633275998973,-0.2777985693524446
-1.245738778711988,-0.6362909126485916,0.5864665571168309,0.6159356069442637,-0.7278103995211744
0.173180925851182,-1.401717241476781,-0.2814899489736835,0.5931012579683838,1.2928130681682712
0.3853173797288368,-0.3693661688082529,-0.8101904199620827,-0.3095464393139903,0.31391591486789994
-0.883857436201133,0.6548067074146415,-0.13339892364633915,0.326133022242118,-0.9054204331721142
0.1537251059455279,-1.1208810592852663,0.4359559659719723,-1.251113576385303,-0.46638224142418183
0.058208718445999896,-1.3376951569908813,-0.4542487334923258,0.924027019206901,0.13157980853082674
-1.142970297830623,-1.1348992430141194,-1.3074824465494976,-0.18490213644298903,0.4536165266614213
0.3577873603482833,0.11437149659135082,-0.6705426919707677,-0.5227230205190395,-1.37169025142071
0.5607845263682344,0.1947816677262066,0.7560611075289029,1.0490092258368893,-1.0537234842013248
1.083051243175277,0.049031617769460745,-0.12450276045529227,-0.7043436905427592,0.5770830840593206
1.053802052034903,0.9277761525376194,0.8417581998964567,-1.4084612963635597,-0.2777841410320697
-1.377669367957091,0.7168648905647785,0.41076005706479957,-1.5566291735239037,-0.8965953126025887
-0.9378250399151228,-0.6605806057920934,0.3912003358324661,0.6060099513456396,-0.581022503611905
0.5150352672086598,0.8462937519903322,-0.24697190929241292,-1.280429352496283,0.2009496857079539
0.5137859509122088,0.19884941566415618,1.0819991057925766,1.7547941819843647,-0.7564598074839484
0.5150476863060479,-0.3081102284289163,0.5789241166860954,-2.081929407883722,1.300724422277489
3.852731490654721,1.3486870371536113,0.3551578957999745,1.6964563682900382,-0.8593787700909699
0.570890510693167,3.722693373391334,0.8431399775558683,0.2110174672026184,1.523225548766111
1.135565640180599,0.699078817201771,1.8104376965393636,-0.09671311187039239,0.37393180173168594
0.9540017634932023,1.4234329209350598,0.25205962426779216,-0.5449190868089497,1.01712560002136
0.651391251305798,0.28564012111988546,1.0658592853577664,0.39913611435207086,0.9352446532045521
-0.3152692446403456,-0.012653456082498016,0.18349380100831028,-0.037634702424848364,1.6517798346341865
0.7589692204932674,-0.2920360913351341,0.21859382447536813,1.1033018820165215,-0.4215684545800468
-0.7728252145375718,0.8213289249984382,-0.26879378730335485,0.11422764866203965,1.19753161598095
-0.23681860674000887,-0.024567145847681937,1.78757917600837,0.1503017614618776,0.15877475982545927
-0.48536354782910346,-0.026556727100923883,0.08245186328005885,-0.36361221221385587,1.1498731575314536
0.08187413938632256,-0.21904891653243724,-0.16363474133006906,-0.056945623721067457,-0.0398593136760796
2.3146585666735087,0.7242980793130379,-0.6347006325592829,0.3078017688920592,0.42692214977294063
-1.867265192591748,2.5102843870087397,0.37554458409228336,-1.7101683926566256,-1.3513170078497656
0.6862601903745135,-1.7977231476206148,2.1546679054857982,-1.348185422105713,-0.6036370186131556
-1.6127158711896517,0.049357036152155365,-1.3310213491864775,0.743264094022715,1.2544848360394787
-0.47193186578943347,-1.0168059128510316,-0.08985182789355395,0.17086543812794186,-0.7434951033265205
1.088950596967366,-0.5734245671534577,-1.0712886399598702,-0.18398333635267913,0.830224284273204
0.06428001909546277,0.710000242968223,0.2645245201206736,0.01843393306539316,-0.08123569018702292
-1.0777447779293061,0.5505794643503504,0.21018998942190956,0.34758170536167105,0.3962491757854728
-0.7153037092599682,-0.874293625538903,-0.12150325175485382,-0.5397596803093615,0.48310348613697374
0.6795977489346758,-1.1617628629878758,0.06926351890744009,-0.7783047254023127,-0.587240765032275
-0.7303666317171367,0.6442580270841604,-0.5554137820196543,0.19584525509768155,-0.4701203863179869
0.21645858958197486,-0.290946404636072,0.149102987939234,-0.978372777615032,0.14478162886370488
0.045571839903813784,-0.4998229684577944,-0.11137805300843728,0.40825275571447184,0.5846502022790901
-0.6516003476058171,-0.4637081903797363,-0.6387662663371023,-1.7025836042378404,0.38311566558078736
2.1439440893253257,-0.43148938711485474,-0.10290986459106219,1.0291556373256436,-1.05383462348106
0.6339190223180112,2.0325160057411455,0.29595628870919877,0.472597482413043,0.6474502419133346
-2.025142586657607,0.38650639054513775,1.555796454046053,0.25602973431387566,1.3934091107505684
0.18645431476942764,-1.6864309425173727,-0.25536081800823807,0.9826909839455139,1.7706127196326613
-0.661786464768388,0.08897286983874299,-2.098193338517442,1.6654744444625766,0.7363037579422012
0.852433334796224,-0.7970932647916718,0.008117080751165406,1.0143700650181304,-0.47000794944641355
-0.7925207384327007,0.7771965077265124,-0.12353005030548331,-1.8408742313316453,0.2951238037499594
-0.11473644146689901,-0.3774636916581192,0.33654456584394876,-1.2795769667357015,-0.6375029104359093
0.5049872789804571,0.2158945888330075,-0.6941975660171692,-0.6248185776956788,0.13878377081042947
0.8657551941701215,0.1360081006273417,0.533565652440377,0.026091050210833786,-0.6147039283591875
-1.2002964070557762,1.6116959937336586,-0.03012813080952105,0.517659020469123,0.21188308375458206
-0.3345012358409484,-0.9699469285884873,0.8154277048230574,-0.7257438131534656,0.6377107696389218
-0.4749453111609562,-1.0757562928910527,-1.1088093667262693,0.18676676447707832,-0.3259739739901892
-0.6533292325737119,0.09519754705802291,0.20985291055633104,-0.7553829323533225,-0.735007783738585
1.7654542402810969,-0.6070742476539749,0.09214460979140443,-0.6115178029919482,0.3501447225168657
0.40498171096095553,0.9486868251295905,-0.24506005722499236,-1.4066610968482223,0.24634114024922385
-1.2608839543350452,0.5745324537386871,0.664002903377126,-0.9232332461109043,-0.3743495421980352
0.9178619470547761,-2.360323309967655,0.6836571320086661,-1.3516846056163336,-0.3238524322551759
2.1221561970126332,-0.1810268907844076,-1.1605926862181024,-0.9758732529773327,0.48954696217937826
1.0324652605511468,1.6290007002962608,0.36782113913082487,1.0536417966078395,-0.4942123778470153
-1.5193699659540134,1.4834294352329414,1.7973826848634529,-0.949398888831943,1.1553594412314432
-0.48423407286625136,-1.1777791533124145,0.08907475519118058,2.632382064837391,0.660437190923471
1.2669111491866227,-0.8090105559510969,0.3788038667614583,0.4933179008808892,1.2906004548363534
-0.7076694656187807,1.075131322741541,-0.20966364555042438,0.1848361236948739,0.5336228803596923
0.44381942814622843,0.28138994772035186,0.3337541127776986,-0.8583577801812136,0.042957237580761254
0.7746340534293368,-0.01617975033204133,-0.4911772869781418,0.7003098794089914,-0.5014355565988604
-0.926930471578083,0.6011888442192634,-0.22435896245785478,-0.5756378262377739,-0.33987965111713153
-0.05952535606180008,-1.4447031090983833,0.31916052021721064,0.12200981464536144,-1.1972303738548864
-3.2412673400690726,0.3324076969953612,-0.8256019889917783,2.5600845382687947,-0.4443584782577371
-1.0243876413342898,-2.74761841058019,-0.17663358459807485,-0.09605989972464987,0.8617081320497428
-0.2525681513931603,-0.14928489005585965,-2.586157281170986,1.1492733262856758,-0.11416041950726873
-1.2477831819648495,-0.28212091889784846,0.24609910419171704,-0.7031764251258874,-1.1290751195580078
1.6324113039316352,-1.3742112114412892,-0.32879951917201816,-0.0349884904969617,-0.5773317680304864
-1.4301413779606327,1.8439326124446076,-0.8138709025288023,1.77080063563551,0.7029414342076101
-0.44004448669698376,-1.1744435092758168,0.7521561840115332,-0.6269670577877674,-0.44116651025882025
0.13074057728609134,-1.2536054274855597,-1.496734077068235,1.8124485579969287,0.34658912541993125
1.4412732890661155,0.35895497344384,-1.5427586075074025,0.7077519354554754,0.3060295820887577
-1.4358621511794394,0.9114881054111728,0.28876949005907865,-0.5624667758942676,0.08005525660026813
1.1631637521549596,-0.7002700630107856,0.4126275392937875,0.632407739055521,-0.5246908576134225
0.010233061019587049,-0.14537669894068472,-0.7797386974276814,0.9725544496267299,0.49947802761956445
-0.9815086510479509,-0.4854033147599223,-0.15285450291056318,0.6218099622171964,-0.021113921906627864
0.46210347426327075,-0.8976349117424001,-0.6162432792676833,-1.5702247198904564,0.28823416505456784
0.19905969557347003,0.5906531041953211,-1.0837804857668631,-0.7271371758248686,-0.5110164655594714
-0.6002168771587947,0.10995369031664518,0.36381667398961653,-0.24751863555150475,-0.7681077163209598
0.06980208499001891,-0.3635654360952849,0.5425405311466096,-0.07443342910004629,0.2744744366178913
-0.3853135968617602,-0.25037701932820383,-0.037387499054120116,0.620672097550678,-0.22930144640772732
0.11351734525124804,-0.25397102460114657,-0.1668412069191527,0.17770100093325383,0.18010637080118508
0.6621306745210467,0.02654512048153307,-1.0933071375095076,-1.3353443587101013,-0.3023007982472607
1.586016816145352,0.5761269901873948,0.09585526828762003,0.3801978510059632,-1.946824746074685
-1.237815498826849,1.9016673733486322,-0.0874112299948136,0.6105857452838231,0.7419262135676841
2.1330333746562666,-0.7766552181256369,0.8178867690872778,0.5597904479310398,1.131760457950298
-1.9520877995225019,1.1096082838467733,-0.0064160440703813215,1.0807807255546218,1.3527071213481034
-0.15178509503558332,-1.896980344156324,1.3619976203402284,0.8339221545489041,0.41087587462856756
0.5883172064845765,0.022918738611461847,-1.008027287108184,0.4591800792284367,1.303205040777338
0.28099186773503265,0.8760579017675523,0.4104956034429836,-0.07016571145864703,-1.3502950479806008
-0.6226995198205938,0.8769636156271023,-0.30561125295730585,-1.6609609335159914,0.7685371688515936
-0.20812225035727522,0.06519295255731661,-0.019305045731337733,0.42961821913258585,-1.2498154878054022
-0.4930009346588328,-0.719350134528788,-0.06834474360997769,0.20768768716311115,0.047278435461485885
-0.5893647569442115,-0.004570481592396369,0.22354429234253137,0.27157883719537346,0.7538444284495492
0.8496020970210246,-0.7525758188445203,-0.10735322582770171,-1.2767485758203094,-0.5494486728730165
0.35701548596504734,0.27674664436872537,0.030880325242016615,-1.0810565404082624,0.09426986578456997
-0.6929095952606542,-0.33156204716792315,-0.1301841429552119,1.0531528533329035,-0.5321149210141831
0.8995998754332507,-0.41424709679872,-0.6037389882615769,-0.03955515385665504,0.6474780488298483
0.30729952087660933,0.4827602268111425,-0.25577439351837156,0.6815006973726244,-0.16925274470958157
0.8128621188389601,0.24905075160675638,0.07146319082340119,0.028318376130461172,0.10690337126053671
0.6296288419236122,0.6061082154685005,-0.03557506397701002,0.02975613949574519,-0.06521460969193976
-0.8289950109220723,1.3030266587912482,0.6441246532517196,0.9382838059759977,-0.15776463405061458
-0.5601810401969696,-0.31471880648229,0.614906250396744,-0.5160447282173739,1.5065914790575232
0.7472936051232618,-0.2633237360585287,-0.24248235589148845,0.09612077694098337,0.3962704740741726
0.6103702654334648,-0.18760319193564012,-0.7213779760900199,-0.4622752887050425,-0.7186397638530779
-0.020901593964148132,0.5597677597286252,0.7536955845811619,-0.4344962274323156,0.379547845480781
0.117327383308782,0.3023042755490601,0.5862828933094035,-0.30917212346863937,-0.590190071585714
1.277664895788425,-0.17747499321998528,-0.2125093106246834,0.22213377163371284,-0.05461183554329524
-0.5915713888358299,0.938060007338345,-0.34253028478055486,-0.4787486216634773,-1.0273395368083158
0.5470973811700379,-0.09930198300989707,0.026464491533103707,1.2557561255735208,-0.3595220781225522
-0.20219265243389406,1.4747192398110172,-0.5192734855991499,-0.8946073022195039,-0.6187405545132318
-0.2176812032272203,-0.3047562328871707,1.4353113613858959,-0.18687164416135904,0.16837863608114012
1.09877685198719,-0.7889197598079847,0.06549587188595846,-0.4397310582741749,0.6786269024994209
0.8254163489880298,0.8260473044376843,0.8488198176237266,1.4469778843537329,-0.9255035830144931
0.8135096360006385,0.7872029099377107,0.7294749685453271,0.19655477651157463,1.8605559769831486
1.305478807154329,0.6997992855359586,0.6263470157146775,1.0318445394686349,0.41308558252662075
0.02100384163275905,1.1789465163460169,0.24828343357286992,-1.485560373036972,1.2651511256626171
0.6819529712949639,-0.16800209471560976,0.8959181067587033,0.26705026586925884,-0.5836131898599662
-0.31026675659345604,1.108587502422055,-0.12649811862360896,0.889630795623437,-0.12584842643771899
0.3241663524884421,0.38274734508223096,0.21228635102192356,0.08228398927542419,0.02938354545078231
-0.13014305436768459,-0.03849756503099233,0.9168674536347472,1.0654803750653512,-0.8780946666362892
0.09699596499271819,1.4647598233358492,0.5049298655144305,-0.5172884501003722,1.2861668621415785
0.5951570254369136,0.050149771686031366,1.021632931430338,1.40934744018558,0.35536789499958443
-0.8182206832334725,0.7987334133245594,0.30789209601334305,2.2988981236192503,1.464607112721651
2.0923872756854602,-0.7532457567404411,0.4036034061679798,-0.36283856043965906,1.2675193888426248
-1.006017381499702,2.2407948689819004,-0.15516909290383374,-0.4455025214007718,-1.3690912132343838
-1.2141886127877322,-0.4768635169348811,1.4418450187485274,1.453384477117701,-0.3407240039560182
1.1581108735000678,-1.1656101167746287,0.2759382498320781,1.5795721457307124,2.2097469827442486
0.7916626939629359,0.5400498648882497,-0.4958399265025096,-0.5228600271532683,0.49711448047716783
0.6241198170521551,-0.056478927224116515,0.010671306637967226,-0.42018681709585726,-0.17732122593701144
0.6283455092642799,0.9758583763297675,0.22265535371417658,-0.2817846088605072,0.159924399522647
-0.012246772846914623,0.7607655509689031,0.2647742281863843,-1.344450511034277,0.23092771550664032
-0.8972543714858315,0.3904073443363094,0.8336049954881289,-0.9186519464841982,0.10757338995065191
0.07580455819372633,-0.36365157358813344,0.4099685103725771,-1.0041407667520679,0.6592726427578048
-0.6771617115121117,0.047383016930451036,-0.659128269766739,-0.7677975651041284,-0.2966259080871119
0.9751197334177512,-0.9141806916129139,-0.30915932732892015,-0.03468488738678118,-0.9175479067465404
-0.14705738150213865,0.38388582623422035,-0.7024891797872685,0.23421473253652075,-1.1805613063005276
-0.8254971967925115,-0.010999051515241637,0.23093423342164432,1.5505004928140769,-0.7831793751169229
-0.32138584165299344,-0.33077492321780677,0.4621856379041342,-0.998354040738791,0.1331242776177024
0.41293145427562433,-0.6384710626055019,-0.5830361288243332,0.9843223984765838,-0.645598624390934
-0.5637245528039747,0.7450825843863738,-0.4799957069497029,-0.21398884422550896,-0.048221511594046695
-0.8222203955664315,-1.4529108244465565,0.7647585657364374,-0.04946370965243295,-1.062620614404283
0.2436872114919123,-0.627810001319981,-0.733058025688838,0.6748194921666038,1.1909284391086152
0.24496657110872277,-0.4594604303660262,-1.8864420787024012,-1.1227220215622986,-0.08380609952203727
-0.5069431753711298,1.0962288476424051,0.34379691825010295,0.3824097461840506,-1.7770407582355172
-0.4710383056183228,-0.6513726331129275,1.0612986069040984,0.1664522082130561,-0.05491038398513698
0.2320499373576363,-0.13865175981654862,-0.13808850028444303,0.4924512640081491,1.3562400826888368
-1.4480843414973241,1.5654699693416478,0.11301692769945434,0.2891686439078181,-0.10491813104878495
-1.4074637743765552,-1.1712546292938564,0.05474402916042953,2.4553001399108942,-0.123660394201002
-0.718444221252436,-1.3306122385577963,-0.9647969765436101,-0.637739984251316,1.3421483263846088
-0.21344715171184725,-0.9859653431930491,-0.237852009472442,-0.5309969550018176,-0.9941243432470865
0.3109075655980046,-0.175407881938785,-0.7555265641722884,-0.6231405264247644,-0.35439954220212866
1.475356216949552,0.661275184812221,-0.5388098370187212,-0.5554771191602547,-1.1694971026706122
0.8576596232020194,1.0284219591713093,-0.2761703508492748,-0.6373871273065177,-1.064534375353981
-0.1599385299634271,0.4480172617892861,1.0542477658591494,1.1890165311075518,-0.3807321447467887
-0.01901620790268883,-0.03115586828696952,0.6942593381575577,1.4205042479898549,1.263795807455482
-1.0025293646378088,0.18001945864229374,-0.07030439743842982,-0.5707462937494763,1.328914835405032
-0.01851313599238993,-1.0934028205160382,-1.1113969039528384,-0.8323555731042287,-0.40172580617479103
-0.2886586389201383,0.6965635592560581,-0.19293399118882676,0.4714155563864041,-0.7114568770235159
0.3227185603380895,0.3871384497669983,0.46226693103435357,-0.5522230442809712,0.19931183806382113
-0.827230943552323,-0.050651099446703485,0.0742466418466741,0.6329318177555108,0.35536090446913265
0.5193465142411723,-0.059842536257450285,-0.10011379750852187,0.2029230208512997,0.14334392574472146
1.5327389130025777,0.4157411908212365,0.2646978527100873,-1.515744114997232,-0.6905455558970863
-0.1087601484568576,0.07810065383344322,-0.025823710253049886,1.5475052013300616,-1.1829397735586342
0.40171172209894146,-0.34107821758914153,-0.027029767108669833,1.7958776730955217,0.5290517989763892
0.6901439917111125,1.0476031449145258,-0.04127454825232488,-0.6127886904843862,1.029255179377106
-0.40122047188583626,0.863218765390591,0.05914532805833084,-0.38770155993598415,0.18426936469131383
0.22409248181041677,-0.35885852077639896,0.8531715678549608,0.28586539072490497,-0.6883776668472382
0.01259240078179486,-0.5976053975596988,0.19362971654667496,0.334456789987025,0.9283575559096834
0.09767609854883172,-0.4409518565533193,-0.7933947791731664,0.6585442726728304,0.8654865887835697
-0.7730097838554665,-0.5165650675945985,0.5567653626959901,2.0102045387663496,-0.6764145764087355
0.024510174258942714,-0.29921186428018176,-0.4742482784312514,-0.1769472274940494,1.6964317388115395
0.49799829124544975,-0.2524488616499421,-0.26092357160425617,-0.7982972445384537,-0.3999878209510401
1.4511436077950417,-0.10269509489437656,0.21894285572009767,-1.3793192280145272,-0.8384019056279988
0.9592708260852069,1.0466149285660242,-0.5587917442408821,-0.7309300399419191,-1.8175664444008506
2.1531824575115563,0.671902779568081,1.8342766679460725,-0.033126972873797095,-0.36431709699056497
-0.7673475628880495,1.712915776142048,0.27169625313671475,1.7945578635177877,1.2786631275313753
0.8723206367206782,-0.34031849272283465,0.4373430580308062,-0.5176112990361714,1.6446271562890302
0.18334200573835174,1.0555471670971646,0.15490176722026647,0.2237879516388985,0.2665723605083422
2.1898029332176723,0.15648193343767636,0.9697589182417086,-0.016422896072752075,0.5162322797443248
-0.8082982853551515,1.574821991103626,-0.19291172638584467,1.188393273448084,0.7215479423638131
-0.8397218421807761,0.12787144746347245,0.32533965683522514,2.5269324258736217,-0.2746042046222693
-0.5993926454440222,-0.5893970531263626,0.10216671940609251,-0.5308687729203206,1.5778748049066724
-2.123895724309807,-0.3575375174009676,-0.4652393591932201,-0.48943944251822213,0.5510140364251455
-0.525755021680761,-2.4995685686861036,-0.6287710228307035,1.044160877069072,-0.6220146527688888
-0.759132661553698,-1.2421984229216925,-1.5876683434276977,0.6818914896263114,0.9126758054170527
0.15039378647620763,-0.5968628850949775,-0.6299686008936737,1.8467073257360336,-1.4005044781725227
0.34175597577715944,-0.18786567483877264,-0.5457159212189551,0.5839281853259639,0.32351809386432817
1.8761708392158862,0.9142266781236119,0.16612612545929867,-0.35929209078705954,-0.6457660306588026
0.9504238381860503,1.6241890605887115,0.7976468811225597,0.5906548306923093,0.5067167616886126
-0.5769036556624031,1.550609413833027,0.4669663404392925,1.1087035805829077,0.4482514765267772
-0.898414671348358,-1.0903118539872305,0.8133557187463255,0.820482181197364,1.1144074158221258
0.4919191715065057,-0.2250644787841355,-0.6921626242135996,0.5072740311072977,0.819666332093688
-1.3202332070206422,0.46941433332957483,-0.5526101380854929,1.066674689589154,0.8138925394515159
1.8314587658543537,-1.860017079175543,0.37401888944560713,1.1692955904456728,1.1583133577495517
1.179440120721287,1.468566934963482,-1.211029765006073,1.3821589910375272,0.6677383064295478
-0.4691756521047048,0.8533562556958257,1.5675643983163543,0.6487098875896427,-1.262572295650241
-1.7131345290908775,0.3913763289643989,-0.1999648228075771,-0.16711808031685435,1.288323857999062
1.3538723741654128,-1.585129833422033,0.5291024322639992,0.14671368643332283,-1.022596592065605
-0.11453984525261789,1.3141842323733017,0.06107691159020656,1.2065089665083568,-0.23785845649494436
1.2378163119734618,0.0032212076031035153,0.45751945052567644,-0.8169356709872361,0.8589519244638408
-1.594427658794367,0.9998269382866455,-0.3188107299602927,0.3686733088729012,0.15573192230989244
-0.5993750229537729,-0.3733680721421223,0.5044442671083379,-0.3933388123273607,0.3210481145383367
0.005243699718183166,-1.1261364972986,-0.7022390316942777,0.028744822934817487,0.39264471975234483
0.046980593764742055,0.746252974042529,-0.49787522398633005,1.2784518626072987,-0.6337239259801628
-0.45006547147924364,0.03723017772347069,-0.17745208255934136,0.19109906801990334,0.5929709376909017
0.6228499323474987,0.08111415397830962,-0.20370705978245776,0.04643654815614881,-0.263687997661338
-1.0676204293825944,0.6312190607040232,-0.169691375633312,-1.3598561409799192,-0.15244297508255725
-0.1423794850212935,0.19576455107718216,0.2552185860494156,0.7462535660272207,-0.9778821094438891
0.12029563171189886,-0.4376744908346144,0.4895547163962777,0.6454841811410754,0.46116770663914974
0.514438834058749,-0.2284500137911939,0.3980473216357374,2.16325472330546,1.3752318943047506
0.7116148780888898,0.11133928437764667,-1.0703399839550245,-0.30777823495300083,1.8640173317162074
-1.1246420918378692,0.22697698959110985,0.4621163702079723,0.21915032766393897,-1.8881790151009352
-1.5341141707356223,-0.4534150043206408,-0.4693997708857247,0.24938368371075526,0.7984386825108123
1.277676821898509,-1.2201548026702809,-0.7490187122907068,1.5774532797634744,-0.40740615422801985
0.33231401197959165,1.3653006859971577,-0.6791456550445514,-0.0952955323869521,0.5566200315144846
-0.7484865365565536,1.2540715018414161,0.0370596057427689,0.27902152577033923,0.28555656275965
1.551151975522523,-0.5466112604836364,0.3030508769432856,0.6078965097165392,-0.4997043259643871
0.11567463429285867,1.1463613850295018,0.13285829967204782,0.1866091231563581,0.4523093085298024
1.1792971840638264,0.8481171725579607,-0.03777101400807836,-0.44643361455052827,0.18026089742558524
0.06751848141010895,0.3172410250445017,0.6906862448472603,0.19408999289830758,0.19378717796773118
2.060747924881987,-0.15636611171243947,-1.1117623132868661,1.073631749859772,0.6799994412404833
1.7553408424432044,1.8669676157723445,0.10832771045338514,-1.0265152994110602,0.3764733515401568
-0.2489641484790735,0.8687458341300393,1.4602886221886313,0.132969674146876,0.15882550385082694
0.9715709509543554,-1.0884651107865173,0.681073413437512,-0.7001208149391732,0.8365969571016442
0.6453759495851475,0.7364954242126615,-0.4792408247027422,1.1950466289248425,-0.11692330012010438
1.3686315575323487,0.17844672008731216,0.45897346327160915,-1.5231869047837747,-0.2815682322608996
-0.9649234605801045,0.5519926815832863,0.44675467353063897,-0.5589218472715883,-1.014709045681089
0.6860514599984393,-0.43878251800947765,0.5624912553769473,0.37721187506452086,-0.8296360165596453
1.0584244868495878,0.21005884183092394,0.33378519071799967,1.5655240292343404,0.09176705072628277
-1.7587394864231143,0.6145374583249765,0.3570657517245026,-0.0657502610729878,1.4081069027610678
-1.183258512665775,-1.5327610321607392,0.06996737764916511,-0.5551995266931984,0.9282558265199117
-2.0392321777601006,-0.07715697823383072,-0.43022759390554577,1.8811570694405901,-0.1859635277096716
-0.26940683444455776,-2.0355186030285437,-0.46151639021858104,-1.448013900416244,0.9006762716192918
0.7175422557959623,-0.006326357111304359,-0.5205118653439115,-2.198805956620082,-0.7218433770930591
1.502357052096028,-0.1775063462431391,0.5221779945946766,0.4400144500533324,-1.9627915977079855
0.07409478041977519,1.0099000057006469,0.01859629537996378,-0.5020542243526112,1.583365566134922
1.6286155455712918,1.6142351023385006,0.9093015329884795,-1.0212328171307132,-0.32960801477052487
-1.3801014582148914,1.5701452606973088,1.4123687743400184,0.7083564472993533,-0.03443914825201691
-1.7033824393551547,-0.20647548861575216,1.0571225360140863,0.24380071377119883,1.5917079102333866
-0.05554769889661878,-1.0297438254568931,0.08690801213777655,-0.5640786307367284,1.2813563823302658
0.3840654489393073,-0.35306475239075663,-0.896997172247151,-1.2803043986708944,-0.771280823357768
-0.03269474809409311,0.527002974461559,0.17762940032160307,0.8724573282801447,-1.03916378683251
-2.0674421000398766,0.8110904181984941,0.3134037752624121,0.650201177958661,0.8949400721614509
-0.08912003951278841,-2.1998041181015586,0.29310439968189594,-0.09917586377938291,0.8922521104459077
-1.3044695005048532,0.35325502376134127,-1.4668659446930263,1.8466369960476658,0.11978552195860229
0.6696725488300385,-1.8025124737442872,0.033438413853500076,-1.0700847663261526,0.34170391849860754
0.36659824609684827,0.823340547117314,-0.8311746235559676,-1.5255251709247388,-0.48674864987514616
-0.9398797863273552,0.29681017619156685,0.16384375853366484,-0.6919080698812444,-0.9951706118502792
-0.5138669173366935,-0.5414173568671894,0.42409552971133974,-0.045586016355497805,-0.49428082530084705
-1.0592135218889516,-1.487764993804977,0.2237259417565342,0.24333944932269183,0.034655134615986766
-0.06267909727317188,-1.2787586995327216,-0.5459195403259893,-0.24123605785632987,0.08227156393135504
0.9551423205012383,0.4798249142047734,-0.4587522449312842,0.3520553965142968,-0.1609770455561187
-0.9857260463355437,0.08113600080072347,0.8938669412160642,-1.251539424190444,-0.014473607577822512
0.5040465155178444,-0.9732194066915366,0.12037583415155961,1.4437646040732595,-0.8881804696931371
-0.5302576183724408,0.607563618154611,-1.0986173981059577,-0.0821511783925688,0.12981024302095423
-0.7928728322623442,-1.1853856878068982,0.9208823583877292,1.1172958315881276,-1.1247394647168492
-0.10703035995455783,0.13256558914837424,-0.9791321442102878,0.34272534637770413,0.34958658786900076
-1.035242322419374,-0.6438865079379759,0.6974451634924939,0.4567532191537839,-0.591978916726683
-0.553649305347182,-1.1023375061807998,-0.30632279183639166,0.5697672802322039,0.96747959210541
-1.1978778925888485,0.11577996367348475,0.06284711123798326,0.44770856001731496,-0.10942663706391506
1.9647251329163893,-1.6213261571120978,-0.13726460235754717,0.6427227598675439,0.39798751116668885
0.03526355197172861,1.0899006432278062,-1.45137115171478,1.3291525301324314,0.39717009905843165
-0.6997255079925856,0.003884665792157318,0.670338883642477,0.19652116970147013,-0.7306312084841649
0.213979910734222,-0.6749807634969521,-0.4597857726588578,0.7090037575885123,1.0125970089628622
-0.11232804969082982,0.6888085959492539,-1.3280823892172182,-0.08973569428722672,-0.4321035921631493
-0.22096959953322298,-0.8381270672977034,0.08827319036610326,1.4401172154494728,-1.0162445044908464
0.6141667000434252,-0.9015982894758434,-0.9638061469412786,-0.6763923020592697,0.2798711549402594
0.7575077100473051,0.5949670247342121,-0.5062868051673808,1.8009404329108156,-1.3737292305571565
-0.5305011476105275,0.6944166041075431,0.0836401725468946,-0.04015795064434341,0.41024189767521463
-0.57581824064468,0.4123251270608465,1.0868804883596999,-1.4307751021180481,-0.6113214730031443
-0.275051697151644,-0.04578838357615678,0.6530933534823039,0.12810441491078928,-0.5287028535835434
-2.301921164735585,0.1893474641561151,0.7414929290605824,-0.6810516574748808,-0.04005484822919958
-1.5151910621985523,-2.3002883422956,0.6224392119154203,0.8406435489887241,0.3142668770177912
1.3668742674445247,-0.9364147121390802,-1.2098783971771117,-0.6526239793023909,1.0513771832992282
1.6449677135012837,0.4302633498000783,-0.038189973972723945,-0.4461834332147797,-0.5884318714612868
-0.24903603955637832,1.2012787987670133,0.23641953497311574,-1.889540730945531,-1.0153784496661578
0.5765569630557664,0.05789854636381478,1.00679600011728,-0.4523063192490767,-0.81037219949124
0.3112501545435361,1.0234222503798645,-0.1322994876716814,-2.4238793266289567,0.7609070034043577
3.0788808084552377,-0.26083204571122887,0.6022772747907996,-1.5839028234857233,-1.391726433636073
1.1195749114345768,2.575758607784661,-0.3412626918434166,0.7604146561442974,-0.43609361722513584
-0.12791759148076653,1.3086835148684146,1.3270730460516877,0.7858001586508322,-0.6619651065875826
-0.9555404406004258,0.7724578789180971,1.475937148266292,0.42545756178496474,0.6757198640087881
-1.6064463202575725,-0.4195784498577435,0.2119873420751867,-0.966976143129213,1.3776283923444164
0.2034636358672231,-1.1380449916993114,-0.3689509700728071,-0.047711356141979855,-0.726979764905174
-0.7563507452843033,-0.1824996174643512,-1.140922952760208,-0.0036025390905684044,-0.6980324612371772
-1.4222537095976742,-0.6386697412521203,-0.4673797650339866,-1.1583646891925428,-0.4594213036211199
-0.6465728842425266,-0.3941798900101757,-0.6732284654362937,1.5033983017671506,-0.7866459298523734
-1.081548003614395,-0.2674157522425543,-0.0005067985464682345,0.8773622905756714,0.3184168590362135
1.6871416350725648,-0.4938971937116548,0.08067502499479601,-0.22096417382966393,-0.18050482485834096
0.8816397569494505,1.7842913402526885,0.14730710240637818,0.02688583899453078,-0.43565262150776557
-0.007972641316617372,0.7242807232833615,1.4122393005571476,0.20838280794755248,0.011900981392049328
1.4799441388900259,0.530110910829712,1.6165046812796973,-2.0417348684242906,0.6997658980462883
0.0773683076476183,0.49343300953513325,0.46997584430026507,-0.24717738252059693,0.47146709524671454
-0.8612842013282637,-0.05353854080428984,1.022690137381597,-0.6819842479977986,-0.46390850011173734
1.5231240772696573,-0.3425680495468054,-0.3350535348620206,-1.0016200098949155,1.234579925271867
0.5389100436846587,2.214756938399785,-0.5888691236197572,-0.2811002928859549,-1.0101260473051623
-1.0372461543264564,0.8609219784376279,1.1352888381451136,1.7976865268495226,-0.5754641419429265
-0.1903386780836082,-0.8171027131899601,-0.4432833910362515,0.6408428612670098,1.6866265770792221
-0.8756182533847572,-0.4971348294989735,-0.736823039113862,-0.5711789897827968,0.7319390586425361
-1.382799730964336,-1.328748049847434,0.10832169567460453,0.5725827813561586,-0.9408470874370061
